rule_id,priority,enabled,benchmark_entity_type,manufacturer_key,family_match,family_value,variant_contains,required_drain_form,length_mode,min_rule,min_value_mm,max_rule,max_value_mm,strict_filter_eligible,evidence_status,evidence_url,evidence_note,rationale
L001_CONNECT_CERAFRAME,10,yes,system,dallmer,exact,Dallmer Connect active drainage,CeraFrame,linear,fixed_nominal,same_as_nominal,,same_as_nominal,,yes_exact_only,verified_official,https://www.dallmer.de/default-wAssets/docs/de/broschueren/neuheiten/Connect-Aktiventwaesserung.pdf,The official Connect overview lists CeraFrame at a fixed length of 300 mm.,Fixed 300 mm linear frame; it must not inherit the CeraWall or CeraFloor range.
L002_CONNECT_CERAWALL,11,yes,system,dallmer,exact,Dallmer Connect active drainage,CeraWall,linear,continuous_range,constant,800,nominal_length_mm,,yes_range,verified_official,https://www.dallmer.de/default-wAssets/docs/de/broschueren/neuheiten/Connect-Aktiventwaesserung.pdf,The official Connect overview lists CeraWall as a trimmable profile from 800 mm up to the respective variant length.,The pumped CeraWall Connect system uses a verified range from 800 mm to the nominal maximum of the variant.
L003_CONNECT_CERAFLOOR,12,yes,system,dallmer,exact,Dallmer Connect active drainage,CeraFloor,linear,continuous_range,constant,800,nominal_length_mm,,yes_range,verified_official,https://www.dallmer.de/default-wAssets/docs/de/broschueren/neuheiten/Connect-Aktiventwaesserung.pdf,The official Connect overview lists CeraFloor as a trimmable profile from 800 to 1500 mm.,The pumped CeraFloor Connect system uses a verified range from 800 mm to the nominal maximum of the variant.
L010_DALLMER_CERAFLOOR_INDIVIDUAL,20,yes,system,dallmer,exact,Dallmer CeraFloor Individual,*,linear,continuous_range,constant,800,nominal_length_mm,,yes_range,verified_official,https://www.dallmer.de/default-wAssets/docs/de/broschueren/produktsortiment/Duschrinnensystem-DallFlex.pdf,Official documentation allows the 1500 mm profile to be shortened to a minimum of 800 mm.,Verified continuous range from 800 mm to the nominal profile length.
L011_DALLMER_CERAFLOOR_PURE,21,yes,system,dallmer,exact,Dallmer CeraFloor Pure,*,linear,continuous_range,nominal_minus_100,,nominal_length_mm,,yes_range,verified_official_installation,https://www.dallmer.com/default-wAssets/docs/de/montageanleitungen/538208_0.pdf,The installation manual permits shortening by no more than 50 mm on each side.,The minimum installable length is the nominal length minus 100 mm.
L012_DALLMER_CERAFLOOR_SELECT_DUO,22,yes,system,dallmer,exact,Dallmer CeraFloor Select Duo,*,linear,continuous_range,nominal_minus_100,,nominal_length_mm,,yes_range,verified_official_installation,https://www.dallmer.de/default-wAssets/docs/ch/montageanleitungen/537447_0.pdf,The installation manual permits shortening by no more than 50 mm on each side.,The minimum installable length is the nominal length minus 100 mm.
L013_DALLMER_CERAFLOOR_SELECT,23,yes,system,dallmer,exact,Dallmer CeraFloor Select,*,linear,continuous_range,nominal_minus_100,,nominal_length_mm,,yes_range,verified_official_installation,https://www.dallmer.de/default-wAssets/docs/de/montageanleitungen/538062_0.pdf,The installation manual permits shortening by no more than 50 mm on each side.,The minimum installable length is the nominal length minus 100 mm.
L014_DALLMER_CERAWALL_SELECT_N_DUO,24,yes,system,dallmer,exact,Dallmer CeraWall Select N Duo,*,linear,adjustable_min_unverified,none,,nominal_length_mm,,no,minimum_not_verified,https://www.dallmer.com/default-wAssets/docs/pl/broschueren/1906_Dallmer_DallFlex_Broschuere_2021_PL_Ansicht_02.pdf,"The brochure states millimetre-level adjustability and nominal lengths of 1300–2000 mm, but does not state a safe minimum length.",Excluded from the hard length filter until the minimum is documented for this older family.
L015_DALLMER_CERAWALL_SELECT_N,25,yes,system,dallmer,exact,Dallmer CeraWall Select N,*,linear,adjustable_min_unverified,none,,nominal_length_mm,,no,minimum_not_verified,https://www.dallmer.com/default-wAssets/docs/pl/broschueren/1906_Dallmer_DallFlex_Broschuere_2021_PL_Ansicht_02.pdf,"The brochure states millimetre-level adjustability and nominal lengths of 800–1500 mm, but does not state a safe minimum length.",Excluded from the hard length filter until the minimum is documented for this older family.
L020_GEBERIT_CLEANLINE_TILE,30,yes,system,geberit,exact,Geberit CleanLine,154.455.00.1,linear,fixed_nominal,same_as_nominal,,same_as_nominal,,yes_exact_only,verified_official,https://catalog.geberit.de/de-DE/product/PRO_472894,The official catalogue lists a fixed length of 18.8 cm for tile insert 154.455.00.1.,This special short tile variant is fixed and must not inherit the CleanLine profile range of 300–900/1600 mm.
L021_GEBERIT_CLEANLINE_PROFILE,31,yes,system,geberit,exact,Geberit CleanLine,*,linear,continuous_range,constant,300,nominal_length_mm,,yes_range,verified_official,https://catalog.geberit.de/de-DE/product/PRO_170946,The official catalogue lists CleanLine profiles from 30 cm up to maximum lengths of 90/110/130/160 cm and states that they can be shortened.,"For CleanLine profiles, the minimum is 300 mm and the maximum equals the nominal variant length."
L030_HANSGROHE_RAINDRAIN_FLEX,40,yes,system,hansgrohe,exact,hansgrohe RainDrain Flex,*,linear,continuous_range,constant,310,nominal_length_mm,,yes_range,verified_official_installation,https://assets.hansgrohe.com/mam/celum/celum_assets/16__hrgh2258_pdf.pdf,The official installation manual states a minimum shortened length of 310 mm.,RainDrain Flex can be shortened on site from 310 mm to the nominal variant length.
L031_HANSGROHE_ROCK_NA_TRIM,41,yes,system,hansgrohe,exact,hansgrohe RainDrain Rock North America,*,linear,installation_trim_only,same_as_nominal,,same_as_nominal,,no,verified_not_continuous_range,https://pro.hansgrohe-usa.com/articledetail-raindrain-rock-complete-set-shower-drain-24-cut-on-size-and-tileable-56029001,"The phrase “cut on size” describes installation trimming of the cover to a fixed rough length, not a documented freely adjustable length range.",The record must not be expanded into a continuous interval without a separately documented minimum.
L040_SCHLUETER_KERDI_LINE_VARIO,50,yes,system,schlueter,exact,Schlüter KERDI-LINE-VARIO complete systems,*,linear,continuous_range,constant,220,nominal_length_mm,,no_until_canonical,verified_official_wip,https://eu.schluter.com/en-GB/kerdi-line-vario-shower-channel-3017.html,The official page states that the 120 cm and 180 cm profiles can be shortened to approximately 22 cm.,"The range is technically verified, but the source Schlüter master is marked as WIP; the filter remains inactive until the data is canonicalized."
L050_TECE_DRAINPROFILE,60,yes,system,tece,exact,TECEdrainprofile,*,linear,continuous_range,constant,500,nominal_length_mm,,yes_range,verified_official,https://www.tece.com/sites/default/files/media-documents/main/2026-04/Preisliste_TECE_DE_04_2026_web.pdf,The official price list states that the shower profile can be shortened to a minimum of 500 mm.,Verified continuous range from 500 mm to the nominal variant length.
L051_TECE_DRAINWAY,61,yes,system,tece,exact,TECEdrainway,*,linear,continuous_range,constant,600,nominal_length_mm,,yes_range,verified_official,https://www.tece.com/sites/default/files/media-documents/main/2026-04/Preisliste_TECE_DE_04_2026_web.pdf,The official price list states that the shower profile can be shortened to a minimum of 600 mm.,Verified continuous range from 600 mm to the nominal variant length.
L052_TECE_LINEO,62,yes,system,tece,exact,TECElineo,*,linear,continuous_range,constant,400,nominal_length_mm,,yes_range,verified_official,https://www.tece.com/sites/default/files/media-documents/main/2026-05/AL_CZ_2026_Sanitary_web.pdf,The official Czech catalogue states that the 1000 mm profile can be shortened to a minimum length of 400 mm.,Verified continuous range of 400–1000 mm.
L060_VIEGA_CLEVIVA,70,yes,system,viega,exact,Viega Advantix Cleviva,*,linear,continuous_range,constant,300,nominal_length_mm,,yes_range,verified_official,https://www.viega.com/content/dam/viegadm/en/temp/content_assets/eu/service/downloads_viega_com/greek/794767_brochure_advantix_cleviva_2020_int_net2.pdf,The official brochure states that the profile can be shortened to 300 mm.,Verified continuous range from 300 mm to the nominal variant length.
L061_VIEGA_VARIO,71,yes,system,viega,exact,Viega Advantix Vario,*,linear,continuous_range,constant,300,nominal_length_mm,,yes_range,verified_official,https://www.viega.cz/cs/produkty/Katalog/Odvodnovaci-technika/Sprchove-zlabky-Advantix/Sprchove-zlabky-Advantix-Vario/Instalacni-vyska-od-95-mm/Advantix-Vario-zakladni-teleso-4965-10.html,The official table states an adjustable length range of 300–1200 mm.,Verified continuous range from 300 mm to the nominal variant length.
L062_VIEGA_FIXED_CHANNELS,72,yes,system,viega,exact,Viega Advantix fixed shower channels,*,linear,fixed_nominal,same_as_nominal,,same_as_nominal,,yes_exact_only,verified_official_fixed,https://www.viega.cz/cs/produkty/Katalog/Odvodnovaci-technika/Sprchove-zlabky-Advantix/Sprchove-zlabky-Advantix/Zakladni-telesa-sprchovych-zlabku/Advantix-zakladni-teleso-4982-10.html,"The official catalogue pairs the base body and grate at the same fixed length; shortening mentioned elsewhere concerns the outlet body, not the channel length.","Use the exact nominal length only, not a continuous interval."
L070_KALDEWEI_FLOW_FIXED,80,yes,system,kaldewei,exact,KALDEWEI FLOW,*,linear,fixed_nominal,same_as_nominal,,same_as_nominal,,yes_exact_only,verified_official_fixed,https://files.cdn.kaldewei.com/data/katalog/Katalog_neu/KALDEWEI_MODELLUEBERSICHT_2025_EN_WEB.pdf,The official overview lists fixed visible lengths of 900/1200/1500 mm; shortening in installation notes concerns height-adjustment parts.,Use the exact nominal length only.
L080_DALLMER_CERADRAIN_NOT_LENGTH,90,yes,system,dallmer,exact,Dallmer CeraDrain,*,point,false_positive_not_length,none,,none,,no,verified_false_positive,https://www.dallmer.de/de/produkte/,"The trimmable element in the documentation is the height extension of a point drain, not the grate length.",The linear-drain length filter does not apply to this point-drain family.
